{
    "$schema": "https://schema.management.azure.com/schemas/2019-04-01/deploymentParameters.json#",
    "contentVersion": "1.0.0.0",
    "parameters": {
      "adminUsername": {
        "value": "demouser"
      },
      "adminPassword": {
        "value": "ToBeDone"
      },
      "dnsLabelPrefix": {
        "value": "simple-winvm-10052021"
      },
      "publicIpName": {
        "value": "myPublicIP"
      },
      "publicIPAllocationMethod": {
        "value": "Dynamic"
      },
      "publicIpSku": {
        "value": "Basic"
      },
      "OSVersion": {
        "value": "2019-Datacenter"
      },
      "vmSize": {
        "value": "Standard_D2_v3"
      },
      "location": {
        "value": "EastUS"
      },
      "vmName": {
        "value": "simple-vm"
      }
    }
  }